case_id,rank,anomaly_score,duration_s,word_count,words_per_second,turn_count,redaction_token_count,transcript_chars,domain_hint,direction_hint
CASE-01,1,0.603233,5915,12565,2.124,1189,1063,108265,telecom,outbound
CASE-02,2,0.59917,5915,12565,2.124,1189,1062,108349,telecom,outbound
CASE-03,3,0.56673,2820,5241,1.859,724,481,51364,telecom,outbound
CASE-04,4,0.562436,2102,5044,2.4,366,364,41851,home_service,inbound
CASE-05,5,0.560865,2969,6131,2.065,604,467,52716,telecom,outbound
CASE-06,6,0.556289,2369,5816,2.455,526,611,49663,telecom_or_business_service,outbound_or_unknown
CASE-07,7,0.556271,3601,7045,1.956,686,430,59436,telecom,outbound
CASE-08,8,0.556091,2820,5241,1.859,724,481,51496,telecom,outbound
CASE-09,9,0.553129,3050,6194,2.031,504,443,49450,telecom_or_business_service,outbound_or_unknown
CASE-10,10,0.552955,3266,6424,1.967,750,440,58334,telecom,outbound
CASE-11,11,0.551044,2555,5479,2.144,530,375,45692,telecom,outbound
CASE-12,12,0.550994,2671,5754,2.154,527,508,48849,telecom,outbound
CASE-13,13,0.550986,1882,4054,2.154,430,283,35736,home_service,inbound
CASE-14,14,0.55024,2969,6131,2.065,604,467,52613,telecom,outbound
CASE-15,15,0.549982,3219,6554,2.036,640,612,57774,telecom,outbound
CASE-16,16,0.549963,3050,6194,2.031,512,448,49637,telecom,outbound
CASE-17,17,0.548769,3266,6427,1.968,752,467,58400,telecom,outbound
CASE-18,18,0.54697,2704,6150,2.274,573,452,51295,telecom,outbound
CASE-19,19,0.546671,2704,6150,2.274,573,452,51249,telecom,outbound
CASE-20,20,0.546363,3219,6554,2.036,640,612,57848,telecom,outbound
